Workbook

Sheet Open
A1: Date | B1: CBOT_Close | C1: CBOT_Open | D1: CBOT_High | E1: CBOT_Low | F1: Closing CBOT | G1: Dollar Rate | H1: CBOT (Open Futures) | I1: ARG Daily Price (Open Futures) | J1: BRZ Daily Price (Open Futures)
A2: 46078 | B2: 438.73 | C2: 436.52 | D2: 441.57 | E2: 434.76 | F2: 438.73 | G2: 47.9 | H2: 436.52 | I2: 12437.71 | J2: 12438.37
A3: 46079 | B3: 440.18 | C3: 439.37 | D3: 443.8 | E3: 436.86 | F3: 440.18 | G3: 47.9 | H3: 439.37 | I3: 12493.62 | J3: 12494.29
A4: 46080 | B4: 440.99 | C4: 438.89 | D4: 444.05 | E4: 436.97 | F4: 440.99 | G4: 47.9 | H4: 438.89 | I4: 12484.21 | J4: 12484.87
A5: 46083 | B5: 442.18 | C5: 441.21 | D5: 445.88 | E5: 438.67 | F5: 442.18 | G5: 47.9 | H5: 441.21 | I5: 12529.72 | J5: 12530.39
A6: 46084 | B6: 442.94 | C6: 443.73 | D6: 447.6 | E6: 440.25 | F6: 442.94 | G6: 47.9 | H6: 443.73 | I6: 12579.17 | J6: 12579.84
A7: 46085 | B7: 443.49 | C7: 444.42 | D7: 448.29 | E7: 440.81 | F7: 443.49 | G7: 47.9 | H7: 444.42 | I7: 12592.7 | J7: 12593.37
A8: 46086 | B8: 445.19 | C8: 441.37 | D8: 447.7 | E8: 440.09 | F8: 445.19 | G8: 47.9 | H8: 441.37 | I8: 12532.86 | J8: 12533.53
A9: 46087 | B9: 446.46 | C9: 444.35 | D9: 449.9 | E9: 442.15 | F9: 446.46 | G9: 47.9 | H9: 444.35 | I9: 12591.33 | J9: 12592
A10: 46090 | B10: 447.37 | C10: 448.39 | D10: 452.45 | E10: 444.57 | F10: 447.37 | G10: 47.9 | H10: 448.39 | I10: 12670.59 | J10: 12671.27
A11: 46091 | B11: 448.07 | C11: 449.95 | D11: 453.66 | E11: 445.65 | F11: 448.07 | G11: 47.9 | H11: 449.95 | I11: 12701.2 | J11: 12701.88

Sheet High
A1: Date | B1: CBOT (High Futures) | C1: ARG Daily Price (High Futures) | D1: BRZ Daily Price (High Futures)
A2: 46078 | B2: 441.57 | C2: 12471 | D2: 12471.64
A3: 46079 | B3: 443.8 | C3: 12514.39 | D3: 12515.03
A4: 46080 | B4: 444.05 | C4: 12519.25 | D4: 12519.89
A5: 46083 | B5: 445.88 | C5: 12554.85 | D5: 12555.49
A6: 46084 | B6: 447.6 | C6: 12588.31 | D6: 12588.95
A7: 46085 | B7: 448.29 | C7: 12601.73 | D7: 12602.38
A8: 46086 | B8: 447.7 | C8: 12590.26 | D8: 12590.9
A9: 46087 | B9: 449.9 | C9: 12633.05 | D9: 12633.7
A10: 46090 | B10: 452.45 | C10: 12682.66 | D10: 12683.31
A11: 46091 | B11: 453.66 | C11: 12706.2 | D11: 12706.85

Sheet Low
A1: Date | B1: CBOT (Low Futures) | C1: ARG Daily Price (Low Futures) | D1: BRZ Daily Price (Low Futures)
A2: 46078 | B2: 434.76 | C2: 12441.85 | D2: 12442.53
A3: 46079 | B3: 436.86 | C3: 12483.26 | D3: 12483.94
A4: 46080 | B4: 436.97 | C4: 12485.43 | D4: 12486.11
A5: 46083 | B5: 438.67 | C5: 12518.95 | D5: 12519.64
A6: 46084 | B6: 440.25 | C6: 12550.11 | D6: 12550.79
A7: 46085 | B7: 440.81 | C7: 12561.15 | D7: 12561.84
A8: 46086 | B8: 440.09 | C8: 12546.95 | D8: 12547.64
A9: 46087 | B9: 442.15 | C9: 12587.57 | D9: 12588.26
A10: 46090 | B10: 444.57 | C10: 12635.29 | D10: 12635.98
A11: 46091 | B11: 445.65 | C11: 12656.59 | D11: 12657.28

Sheet Close
A1: Date | B1: CBOT (Close Futures) | C1: ARG Daily Price (Close Futures) | D1: BRZ Daily Price (Close Futures)
A2: 46078 | B2: 438.73 | C2: 12470.62 | D2: 12471.28
A3: 46079 | B3: 440.18 | C3: 12499.03 | D3: 12499.69
A4: 46080 | B4: 440.99 | C4: 12514.9 | D4: 12515.56
A5: 46083 | B5: 442.18 | C5: 12538.21 | D5: 12538.88
A6: 46084 | B6: 442.94 | C6: 12553.1 | D6: 12553.77
A7: 46085 | B7: 443.49 | C7: 12563.88 | D7: 12564.54
A8: 46086 | B8: 445.19 | C8: 12597.19 | D8: 12597.85
A9: 46087 | B9: 446.46 | C9: 12622.07 | D9: 12622.74
A10: 46090 | B10: 447.37 | C10: 12639.9 | D10: 12640.57
A11: 46091 | B11: 448.07 | C11: 12653.62 | D11: 12654.29

Sheet Average Day
A1: Date | B1: Argentina | C1: Brazil | F1: Argentina | G1: Brazil | J1: Argentina | K1: Brazil
A2: 46078 | B2: =AVERAGE(Open!I2,High!C2,Low!C2,Close!C2) -> 12455.295 | C2: =AVERAGE(Open!J2,High!D2,Low!D2,Close!D2) -> 12455.955 | F2: =MIN(Open!I2,High!C2,Low!C2,Close!C2) -> 12437.71 | G2: =MIN(Open!J2,High!D2,Low!D2,Close!D2) -> 12438.37 | J2: =MAX(Open!I2,High!C2,Low!C2,Close!C2) -> 12471 | K2: =MAX(Open!J2,High!D2,Low!D2,Close!D2) -> 12471.64
A3: 46079 | B3: =AVERAGE(Open!I3,High!C3,Low!C3,Close!C3) -> 12497.575 | C3: =AVERAGE(Open!J3,High!D3,Low!D3,Close!D3) -> 12498.238 | F3: =MIN(Open!I3,High!C3,Low!C3,Close!C3) -> 12483.26 | G3: =MIN(Open!J3,High!D3,Low!D3,Close!D3) -> 12483.94 | J3: =MAX(Open!I3,High!C3,Low!C3,Close!C3) -> 12514.39 | K3: =MAX(Open!J3,High!D3,Low!D3,Close!D3) -> 12515.03
A4: 46080 | B4: =AVERAGE(Open!I4,High!C4,Low!C4,Close!C4) -> 12500.948 | C4: =AVERAGE(Open!J4,High!D4,Low!D4,Close!D4) -> 12501.608 | F4: =MIN(Open!I4,High!C4,Low!C4,Close!C4) -> 12484.21 | G4: =MIN(Open!J4,High!D4,Low!D4,Close!D4) -> 12484.87 | J4: =MAX(Open!I4,High!C4,Low!C4,Close!C4) -> 12519.25 | K4: =MAX(Open!J4,High!D4,Low!D4,Close!D4) -> 12519.89
A5: 46083 | B5: =AVERAGE(Open!I5,High!C5,Low!C5,Close!C5) -> 12535.433 | C5: =AVERAGE(Open!J5,High!D5,Low!D5,Close!D5) -> 12536.1 | F5: =MIN(Open!I5,High!C5,Low!C5,Close!C5) -> 12518.95 | G5: =MIN(Open!J5,High!D5,Low!D5,Close!D5) -> 12519.64 | J5: =MAX(Open!I5,High!C5,Low!C5,Close!C5) -> 12554.85 | K5: =MAX(Open!J5,High!D5,Low!D5,Close!D5) -> 12555.49
A6: 46084 | B6: =AVERAGE(Open!I6,High!C6,Low!C6,Close!C6) -> 12567.672 | C6: =AVERAGE(Open!J6,High!D6,Low!D6,Close!D6) -> 12568.338 | F6: =MIN(Open!I6,High!C6,Low!C6,Close!C6) -> 12550.11 | G6: =MIN(Open!J6,High!D6,Low!D6,Close!D6) -> 12550.79 | J6: =MAX(Open!I6,High!C6,Low!C6,Close!C6) -> 12588.31 | K6: =MAX(Open!J6,High!D6,Low!D6,Close!D6) -> 12588.95
A7: 46085 | B7: =AVERAGE(Open!I7,High!C7,Low!C7,Close!C7) -> 12579.865 | C7: =AVERAGE(Open!J7,High!D7,Low!D7,Close!D7) -> 12580.532 | F7: =MIN(Open!I7,High!C7,Low!C7,Close!C7) -> 12561.15 | G7: =MIN(Open!J7,High!D7,Low!D7,Close!D7) -> 12561.84 | J7: =MAX(Open!I7,High!C7,Low!C7,Close!C7) -> 12601.73 | K7: =MAX(Open!J7,High!D7,Low!D7,Close!D7) -> 12602.38
A8: 46086 | B8: =AVERAGE(Open!I8,High!C8,Low!C8,Close!C8) -> 12566.815 | C8: =AVERAGE(Open!J8,High!D8,Low!D8,Close!D8) -> 12567.48 | F8: =MIN(Open!I8,High!C8,Low!C8,Close!C8) -> 12532.86 | G8: =MIN(Open!J8,High!D8,Low!D8,Close!D8) -> 12533.53 | J8: =MAX(Open!I8,High!C8,Low!C8,Close!C8) -> 12597.19 | K8: =MAX(Open!J8,High!D8,Low!D8,Close!D8) -> 12597.85
A9: 46087 | B9: =AVERAGE(Open!I9,High!C9,Low!C9,Close!C9) -> 12608.505 | C9: =AVERAGE(Open!J9,High!D9,Low!D9,Close!D9) -> 12609.175 | F9: =MIN(Open!I9,High!C9,Low!C9,Close!C9) -> 12587.57 | G9: =MIN(Open!J9,High!D9,Low!D9,Close!D9) -> 12588.26 | J9: =MAX(Open!I9,High!C9,Low!C9,Close!C9) -> 12633.05 | K9: =MAX(Open!J9,High!D9,Low!D9,Close!D9) -> 12633.7
A10: 46090 | B10: =AVERAGE(Open!I10,High!C10,Low!C10,Close!C10) -> 12657.11 | C10: =AVERAGE(Open!J10,High!D10,Low!D10,Close!D10) -> 12657.782 | F10: =MIN(Open!I10,High!C10,Low!C10,Close!C10) -> 12635.29 | G10: =MIN(Open!J10,High!D10,Low!D10,Close!D10) -> 12635.98 | J10: =MAX(Open!I10,High!C10,Low!C10,Close!C10) -> 12682.66 | K10: =MAX(Open!J10,High!D10,Low!D10,Close!D10) -> 12683.31
A11: 46091 | B11: =AVERAGE(Open!I11,High!C11,Low!C11,Close!C11) -> 12679.403 | C11: =AVERAGE(Open!J11,High!D11,Low!D11,Close!D11) -> 12680.075 | F11: =MIN(Open!I11,High!C11,Low!C11,Close!C11) -> 12653.62 | G11: =MIN(Open!J11,High!D11,Low!D11,Close!D11) -> 12654.29 | J11: =MAX(Open!I11,High!C11,Low!C11,Close!C11) -> 12706.2 | K11: =MAX(Open!J11,High!D11,Low!D11,Close!D11) -> 12706.85
B12: Average | F12: Minimum | J12: Maximum
